codigos,cupos,nombres
INV01,4, Familia Sanchez Gerena
INV02,1, Sol Gladys
INV03,1, Mami Glory
INV04,4, Familia Sandia
INV05,3, Francy e hijas Paula & Gabriela 
INV06,1, Andres 
INV07,1, Virgilio
INV08,3, Cedulfo - Nina & Julian
INV09,4, Derly, Manuel e hijos Juan & Samuel
INV10,1, Felipe
INV11,1, Virginia
INV12,1, Eulalia
INV13,2, Marlon & Orleny
INV14,3, Cata & Emma
INV15,3, Andres - Derly & Mariana
INV16,2, Jhonathan & Angie
INV17,3, Tobias - Corazón & Juan David
INV18,1, Myriam
INV19,1, Edwin
INV20,3, Jenny - Mono & Laura
INV21,2, Magret y Esposo
INV22,2, Chuma & German 
INV23,3, Daniel e hijos Melani y Joel 
INV24,2, Camilo & Angela
INV25,1, Hilda 
INV26,4, Pao - Wily e hijas Mafe y Alejandra
INV27,2, Don To y Tía Marina 
INV28,4, Martica, Kata e hijas Sofia y Ariana 
INV29,1, 
INV30,1,Saris
INV31,1,
INV32,1, Juan Poveda
INV33,1,Isa Castellanos
INV34,1, Salome 
INV35,1, Paula
INV36,1, Aleja Lizarao
INV37,1, Gabriela Amortegui
INV38,1, Julian
INV39,1, 
INV40,1, Aleja 
INV41,1, Camila
INV42,1, Jeronimo
INV43,1, Alisn
INV44,1, Samuel C
INV45,1, Sofia
INV46,1, Juan Olarte
INV47,1, Luis
INV48,1, Martin
INV49,1, Mateo 
INV50,1, Diana
INV51,1, Wendy
INV52,1, 
INV53,1, Nicolas
INV54,1, 
INV55,1, Samuel
INV56,1,
INV57,1,
INV58,1, 
